,serial_internal,serial,lab,type,tp,cell,amb_temp_tp,soc_max_tp,dod_tp,c_ch_tp,c_dch_tp,sampling,stage,m_0,scale,R_1khz_0,resistance_meter,U_0, volt_meter,id
0,S001,TP_k01_01,SIE,k,1,1,10,0.05,0.0,0.0,0.0,FF,1,68.643,Sartorius BP 310S,13.44,HP 4338B Milliohmmeter,3.5785,Fluke 189,TP_k01_01_1
1,S002,TP_k01_02,SIE,k,1,2,10,0.05,0.0,0.0,0.0,FF,1,68.278,Sartorius BP 310S,12.56,HP 4338B Milliohmmeter,3.5769,Fluke 189,TP_k01_02_1
2,S003,TP_k01_03,SIE,k,1,3,10,0.05,0.0,0.0,0.0,FF,1,68.606,Sartorius BP 310S,12.33,HP 4338B Milliohmmeter,3.5748,Fluke 189,TP_k01_03_1
3,S004,TP_k02_01,SIE,k,2,1,10,0.5,0.0,0.0,0.0,FF,1,68.585,Sartorius BP 310S,12.64,HP 4338B Milliohmmeter,3.5793,Fluke 189,TP_k02_01_1
4,S005,TP_k02_02,SIE,k,2,2,10,0.5,0.0,0.0,0.0,FF,1,68.401,Sartorius BP 310S,12.91,HP 4338B Milliohmmeter,3.575,Fluke 189,TP_k02_02_1
5,S006,TP_k02_03,SIE,k,2,3,10,0.5,0.0,0.0,0.0,FF,1,68.301,Sartorius BP 310S,13.35,HP 4338B Milliohmmeter,3.5766,Fluke 189,TP_k02_03_1
6,S007,TP_k03_01,SIE,k,3,1,10,1.0,0.0,0.0,0.0,FF,1,68.093,Sartorius BP 310S,13.25,HP 4338B Milliohmmeter,3.5746,Fluke 189,TP_k03_01_1
7,S008,TP_k03_02,SIE,k,3,2,10,1.0,0.0,0.0,0.0,FF,1,68.273,Sartorius BP 310S,13.14,HP 4338B Milliohmmeter,3.5761,Fluke 189,TP_k03_02_1
8,S009,TP_k03_03,SIE,k,3,3,10,1.0,0.0,0.0,0.0,FF,1,68.266,Sartorius BP 310S,13.03,HP 4338B Milliohmmeter,3.5752,Fluke 189,TP_k03_03_1
9,S010,TP_k01_04,SIE,k,1,4,10,0.05,0.0,0.0,0.0,FF,1,68.231,Sartorius BP 310S,12.93,HP 4338B Milliohmmeter,3.5781,Fluke 189,TP_k01_04_1
10,S011,TP_k01_05,SIE,k,1,5,10,0.05,0.0,0.0,0.0,FF,1,68.282,Sartorius BP 310S,12.37,HP 4338B Milliohmmeter,3.5776,Fluke 189,TP_k01_05_1
11,S012,TP_k01_06,SIE,k,1,6,10,0.05,0.0,0.0,0.0,FF,1,68.613,Sartorius BP 310S,13.29,HP 4338B Milliohmmeter,3.5757,Fluke 189,TP_k01_06_1
12,S013,TP_k02_04,SIE,k,2,4,10,0.5,0.0,0.0,0.0,FF,1,68.344,Sartorius BP 310S,12.4,HP 4338B Milliohmmeter,3.5754,Fluke 189,TP_k02_04_1
13,S014,TP_k02_05,SIE,k,2,5,10,0.5,0.0,0.0,0.0,FF,1,68.232,Sartorius BP 310S,12.4,HP 4338B Milliohmmeter,3.5776,Fluke 189,TP_k02_05_1
14,S015,TP_k02_06,SIE,k,2,6,10,0.5,0.0,0.0,0.0,FF,1,68.213,Sartorius BP 310S,12.68,HP 4338B Milliohmmeter,3.5765,Fluke 189,TP_k02_06_1
15,S016,TP_k03_04,SIE,k,3,4,10,1.0,0.0,0.0,0.0,FF,1,68.658,Sartorius BP 310S,12.39,HP 4338B Milliohmmeter,3.5793,Fluke 189,TP_k03_04_1
16,S017,TP_k03_05,SIE,k,3,5,10,1.0,0.0,0.0,0.0,FF,1,68.284,Sartorius BP 310S,12.57,HP 4338B Milliohmmeter,3.5768,Fluke 189,TP_k03_05_1
17,S018,TP_k03_06,SIE,k,3,6,10,1.0,0.0,0.0,0.0,FF,1,67.988,Sartorius BP 310S,13.1,HP 4338B Milliohmmeter,3.5774,Fluke 189,TP_k03_06_1
18,INT001,TP_k04_01,INT,k,4,1,23,0.05,0.0,0.0,0.0,FF,1,68.2,KERN FCB 6k0.5,12.584,HIOKI BT3563,3.5769,HIOKI BT3563,TP_k04_01_1
19,INT002,TP_k04_02,INT,k,4,2,23,0.05,0.0,0.0,0.0,FF,1,68.2,KERN FCB 6k0.5,12.458,HIOKI BT3563,3.5774,HIOKI BT3563,TP_k04_02_1
20,INT003,TP_k04_03,INT,k,4,3,23,0.05,0.0,0.0,0.0,FF,1,68.2,KERN FCB 6k0.5,12.76,HIOKI BT3563,3.5778,HIOKI BT3563,TP_k04_03_1
21,INT004,TP_k05_01,INT,k,5,1,23,0.5,0.0,0.0,0.0,FF,1,68.2,KERN FCB 6k0.5,12.568,HIOKI BT3563,3.5767,HIOKI BT3563,TP_k05_01_1
22,INT005,TP_k05_02,INT,k,5,2,23,0.5,0.0,0.0,0.0,FF,1,68.2,KERN FCB 6k0.5,12.042,HIOKI BT3563,3.5762,HIOKI BT3563,TP_k05_02_1
23,INT006,TP_k05_03,INT,k,5,3,23,0.5,0.0,0.0,0.0,FF,1,68.2,KERN FCB 6k0.5,13.023,HIOKI BT3563,3.5764,HIOKI BT3563,TP_k05_03_1
24,INT007,TP_k06_01,INT,k,6,1,23,1.0,0.0,0.0,0.0,FF,1,68.2,KERN FCB 6k0.5,12.176,HIOKI BT3563,3.5781,HIOKI BT3563,TP_k06_01_1
25,INT008,TP_k06_02,INT,k,6,2,23,1.0,0.0,0.0,0.0,FF,1,68.2,KERN FCB 6k0.5,12.926,HIOKI BT3563,3.5773,HIOKI BT3563,TP_k06_02_1
26,INT009,TP_k06_03,INT,k,6,3,23,1.0,0.0,0.0,0.0,FF,1,68.2,KERN FCB 6k0.5,12.739,HIOKI BT3563,3.5762,HIOKI BT3563,TP_k06_03_1
27,INT010,TP_k04_04,INT,k,4,4,23,0.05,0.0,0.0,0.0,FF,1,68.261,KERN FCB 6k0.5,12.611,HIOKI BT3563,3.5776,HIOKI BT3563,TP_k04_04_1
28,INT011,TP_k04_05,INT,k,4,5,23,0.05,0.0,0.0,0.0,FF,1,68.261,KERN FCB 6k0.5,12.262,HIOKI BT3563,3.5755,HIOKI BT3563,TP_k04_05_1
29,INT012,TP_k04_06,INT,k,4,6,23,0.05,0.0,0.0,0.0,FF,1,68.261,KERN FCB 6k0.5,12.412,HIOKI BT3563,3.5799,HIOKI BT3563,TP_k04_06_1
30,INT013,TP_k05_04,INT,k,5,4,23,0.5,0.0,0.0,0.0,FF,1,68.261,KERN FCB 6k0.5,12.258,HIOKI BT3563,3.5777,HIOKI BT3563,TP_k05_04_1
31,INT014,TP_k05_05,INT,k,5,5,23,0.5,0.0,0.0,0.0,FF,1,68.261,KERN FCB 6k0.5,12.437,HIOKI BT3563,3.5757,HIOKI BT3563,TP_k05_05_1
32,INT015,TP_k05_06,INT,k,5,6,23,0.5,0.0,0.0,0.0,FF,1,68.261,KERN FCB 6k0.5,12.105,HIOKI BT3563,3.5778,HIOKI BT3563,TP_k05_06_1
33,INT016,TP_k06_04,INT,k,6,4,23,1.0,0.0,0.0,0.0,FF,1,68.45,KERN FCB 6k0.5,12.533,HIOKI BT3563,3.57244,HIOKI BT3563,TP_k06_04_1
34,INT017,TP_k06_05,INT,k,6,5,23,1.0,0.0,0.0,0.0,FF,1,68.45,KERN FCB 6k0.5,12.96,HIOKI BT3563,3.57148,HIOKI BT3563,TP_k06_05_1
35,INT018,TP_k06_06,INT,k,6,6,23,1.0,0.0,0.0,0.0,FF,1,68.2,KERN FCB 6k0.5,13.077,HIOKI BT3563,3.57486,HIOKI BT3563,TP_k06_06_1
36,HM001,TP_k07_01,HM,k,7,1,45,0.05,0.0,0.0,0.0,FF,1,68.29,KERN ABT 220-5DM,12.56,HIOKI 3554,3.575,HIOKI 3554,TP_k07_01_1
37,HM002,TP_k07_02,HM,k,7,2,45,0.05,0.0,0.0,0.0,FF,1,68.4,KERN ABT 220-5DM,12.64,HIOKI 3554,3.574,HIOKI 3554,TP_k07_02_1
38,HM003,TP_k07_03,HM,k,7,3,45,0.05,0.0,0.0,0.0,FF,1,68.29,KERN ABT 220-5DM,12.93,HIOKI 3554,3.577,HIOKI 3554,TP_k07_03_1
39,HM004,TP_k08_01,HM,k,8,1,45,0.2,0.0,0.0,0.0,FF,1,68.69,KERN ABT 220-5DM,11.85,HIOKI 3554,3.575,HIOKI 3554,TP_k08_01_1
40,HM005,TP_k08_02,HM,k,8,2,45,0.2,0.0,0.0,0.0,FF,1,68.66,KERN ABT 220-5DM,12.43,HIOKI 3554,3.574,HIOKI 3554,TP_k08_02_1
41,HM006,TP_k08_03,HM,k,8,3,45,0.2,0.0,0.0,0.0,FF,1,68.68,KERN ABT 220-5DM,12.01,HIOKI 3554,3.575,HIOKI 3554,TP_k08_03_1
42,HM007,TP_k09_01,HM,k,9,1,45,0.5,0.0,0.0,0.0,FF,1,68.24,KERN ABT 220-5DM,12.27,HIOKI 3554,3.577,HIOKI 3554,TP_k09_01_1
43,HM008,TP_k09_02,HM,k,9,2,45,0.5,0.0,0.0,0.0,FF,1,68.37,KERN ABT 220-5DM,12.26,HIOKI 3554,3.575,HIOKI 3554,TP_k09_02_1
44,HM009,TP_k09_03,HM,k,9,3,45,0.5,0.0,0.0,0.0,FF,1,68.25,KERN ABT 220-5DM,12.67,HIOKI 3554,3.575,HIOKI 3554,TP_k09_03_1
45,HM010,TP_k10_01,HM,k,10,1,45,0.8,0.0,0.0,0.0,FF,1,68.7,KERN ABT 220-5DM,12.18,HIOKI 3554,3.575,HIOKI 3554,TP_k10_01_1
46,HM011,TP_k10_02,HM,k,10,2,45,0.8,0.0,0.0,0.0,FF,1,68.71,KERN ABT 220-5DM,12.21,HIOKI 3554,3.574,HIOKI 3554,TP_k10_02_1
47,HM012,TP_k10_03,HM,k,10,3,45,0.8,0.0,0.0,0.0,FF,1,68.64,KERN ABT 220-5DM,12.57,HIOKI 3554,3.576,HIOKI 3554,TP_k10_03_1
48,HM013,TP_k11_01,HM,k,11,1,45,1.0,0.0,0.0,0.0,FF,1,68.14,KERN ABT 220-5DM,12.55,HIOKI 3554,3.576,HIOKI 3554,TP_k11_01_1
49,HM014,TP_k11_02,HM,k,11,2,45,1.0,0.0,0.0,0.0,FF,1,68.66,KERN ABT 220-5DM,12.31,HIOKI 3554,3.575,HIOKI 3554,TP_k11_02_1
50,HM015,TP_k11_03,HM,k,11,3,45,1.0,0.0,0.0,0.0,FF,1,68.66,KERN ABT 220-5DM,12.48,HIOKI 3554,3.577,HIOKI 3554,TP_k11_03_1
51,HM016,TP_k07_04,HM,k,7,4,45,0.05,0.0,0.0,0.0,FF,1,68.73,KERN ABT 220-5DM,12.01,HIOKI 3554,3.575,HIOKI 3554,TP_k07_04_1
52,HM017,TP_k07_05,HM,k,7,5,45,0.05,0.0,0.0,0.0,FF,1,68.69,KERN ABT 220-5DM,12.31,HIOKI 3554,3.576,HIOKI 3554,TP_k07_05_1
53,HM018,TP_k07_06,HM,k,7,6,45,0.05,0.0,0.0,0.0,FF,1,68.68,KERN ABT 220-5DM,11.84,HIOKI 3554,3.576,HIOKI 3554,TP_k07_06_1
54,HM019,TP_k08_04,HM,k,8,4,45,0.2,0.0,0.0,0.0,FF,1,68.68,KERN ABT 220-5DM,12.33,HIOKI 3554,3.577,HIOKI 3554,TP_k08_04_1
55,HM020,TP_k08_05,HM,k,8,5,45,0.2,0.0,0.0,0.0,FF,1,68.72,KERN ABT 220-5DM,12.72,HIOKI 3554,3.577,HIOKI 3554,TP_k08_05_1
56,HM021,TP_k08_06,HM,k,8,6,45,0.2,0.0,0.0,0.0,FF,1,68.36,KERN ABT 220-5DM,12.91,HIOKI 3554,3.574,HIOKI 3554,TP_k08_06_1
57,HM022,TP_k09_04,HM,k,9,4,45,0.5,0.0,0.0,0.0,FF,1,68.71,KERN ABT 220-5DM,12.65,HIOKI 3554,3.575,HIOKI 3554,TP_k09_04_1
58,HM023,TP_k09_05,HM,k,9,5,45,0.5,0.0,0.0,0.0,FF,1,68.78,KERN ABT 220-5DM,12.06,HIOKI 3554,3.575,HIOKI 3554,TP_k09_05_1
59,HM024,TP_k09_06,HM,k,9,6,45,0.5,0.0,0.0,0.0,FF,1,68.86,KERN ABT 220-5DM,11.91,HIOKI 3554,3.576,HIOKI 3554,TP_k09_06_1
60,HM025,TP_k10_04,HM,k,10,4,45,0.8,0.0,0.0,0.0,FF,1,68.01,KERN ABT 220-5DM,12.77,HIOKI 3554,3.574,HIOKI 3554,TP_k10_04_1
61,HM026,TP_k10_05,HM,k,10,5,45,0.8,0.0,0.0,0.0,FF,1,68.36,KERN ABT 220-5DM,12.53,HIOKI 3554,3.575,HIOKI 3554,TP_k10_05_1
62,HM027,TP_k10_06,HM,k,10,6,45,0.8,0.0,0.0,0.0,FF,1,68.34,KERN ABT 220-5DM,12.61,HIOKI 3554,3.576,HIOKI 3554,TP_k10_06_1
63,HM028,TP_k11_04,HM,k,11,4,45,1.0,0.0,0.0,0.0,FF,1,68.61,KERN ABT 220-5DM,12.33,HIOKI 3554,3.576,HIOKI 3554,TP_k11_04_1
64,HM029,TP_k11_05,HM,k,11,5,45,1.0,0.0,0.0,0.0,FF,1,68.57,KERN ABT 220-5DM,12.92,HIOKI 3554,3.575,HIOKI 3554,TP_k11_05_1
65,HM030,TP_k11_06,HM,k,11,6,45,1.0,0.0,0.0,0.0,FF,1,68.73,KERN ABT 220-5DM,11.98,HIOKI 3554,3.574,HIOKI 3554,TP_k11_06_1
66,S019,TP_z01_01,SIE,z,1,1,23,0.7,0.3,0.6,1.1,cLH,1,68.004,Sartorius BP 310S,13.06,HP 4338B Milliohmmeter,3.5764,Fluke 189,TP_z01_01_1
67,S020,TP_z01_02,SIE,z,1,2,23,0.7,0.3,0.6,1.1,cLH,1,68.28,Sartorius BP 310S,13.26,HP 4338B Milliohmmeter,3.5788,Fluke 189,TP_z01_02_1
68,S021,TP_z01_03,SIE,z,1,3,23,0.7,0.3,0.6,1.1,cLH,1,67.986,Sartorius BP 310S,13.02,HP 4338B Milliohmmeter,3.5752,Fluke 189,TP_z01_03_1
69,S022,TP_z02_01,SIE,z,2,1,23,0.65,0.35,0.4,1.5,cLH,1,68.331,Sartorius BP 310S,12.79,HP 4338B Milliohmmeter,3.5774,Fluke 189,TP_z02_01_1
70,S023,TP_z02_02,SIE,z,2,2,23,0.65,0.35,0.4,1.5,cLH,1,68.2,Sartorius BP 310S,13.32,HP 4338B Milliohmmeter,3.5772,Fluke 189,TP_z02_02_1
71,S024,TP_z02_03,SIE,z,2,3,23,0.65,0.35,0.4,1.5,cLH,1,68.261,Sartorius BP 310S,12.63,HP 4338B Milliohmmeter,3.5764,Fluke 189,TP_z02_03_1
72,S025,TP_z03_01,SIE,z,3,1,23,0.8,0.15,0.9,2.0,cLH,1,68.721,Sartorius BP 310S,12.49,HP 4338B Milliohmmeter,3.5768,Fluke 189,TP_z03_01_1
73,S026,TP_z03_02,SIE,z,3,2,23,0.8,0.15,0.9,2.0,cLH,1,68.274,Sartorius BP 310S,12.68,HP 4338B Milliohmmeter,3.5769,Fluke 189,TP_z03_02_1
74,S027,TP_z03_03,SIE,z,3,3,23,0.8,0.15,0.9,2.0,cLH,1,68.345,Sartorius BP 310S,12.4,HP 4338B Milliohmmeter,3.5757,Fluke 189,TP_z03_03_1
75,INT019,TP_z04_01,INT,z,4,1,23,0.8,0.5,0.8,0.3,cLH,1,68.2,KERN FCB 6k0.5,12.024,HIOKI BT3563,3.5747,HIOKI BT3563,TP_z04_01_1
76,INT020,TP_z04_02,INT,z,4,2,23,0.8,0.5,0.8,0.3,cLH,1,68.45,KERN FCB 6k0.5,12.617,HIOKI BT3563,3.57439,HIOKI BT3563,TP_z04_02_1
77,INT021,TP_z04_03,INT,z,4,3,23,0.8,0.5,0.8,0.3,cLH,1,68.45,KERN FCB 6k0.5,12.349,HIOKI BT3563,3.57596,HIOKI BT3563,TP_z04_03_1
78,INT022,TP_z05_01,INT,z,5,1,23,0.4,0.05,0.8,0.6,cLH,1,68.45,KERN FCB 6k0.5,12.171,HIOKI BT3563,3.57434,HIOKI BT3563,TP_z05_01_1
79,INT023,TP_z05_02,INT,z,5,2,23,0.4,0.05,0.8,0.6,cLH,1,68.45,KERN FCB 6k0.5,12.448,HIOKI BT3563,3.57357,HIOKI BT3563,TP_z05_02_1
80,INT024,TP_z05_03,INT,z,5,3,23,0.4,0.05,0.8,0.6,cLH,1,68.45,KERN FCB 6k0.5,12.398,HIOKI BT3563,3.5727,HIOKI BT3563,TP_z05_03_1
81,INT025,TP_z06_01,INT,z,6,1,23,0.8,0.6,0.5,1.0,cLH,1,68.45,KERN FCB 6k0.5,12.368,HIOKI BT3563,3.57149,HIOKI BT3563,TP_z06_01_1
82,INT026,TP_z06_02,INT,z,6,2,23,0.8,0.6,0.5,1.0,cLH,1,68.45,KERN FCB 6k0.5,12.241,HIOKI BT3563,3.57212,HIOKI BT3563,TP_z06_02_1
83,INT027,TP_z06_03,INT,z,6,3,23,0.8,0.6,0.5,1.0,cLH,1,68.45,KERN FCB 6k0.5,12.325,HIOKI BT3563,3.57196,HIOKI BT3563,TP_z06_03_1
84,INT028,TP_z07_01,INT,z,7,1,35,0.5,0.1,1.0,0.4,cLH,1,68.45,KERN FCB 6k0.5,12.369,HIOKI BT3563,3.57241,HIOKI BT3563,TP_z07_01_1
85,INT029,TP_z07_02,INT,z,7,2,35,0.5,0.1,1.0,0.4,cLH,1,68.45,KERN FCB 6k0.5,12.215,HIOKI BT3563,3.57447,HIOKI BT3563,TP_z07_02_1
86,INT030,TP_z07_03,INT,z,7,3,35,0.5,0.1,1.0,0.4,cLH,1,68.45,KERN FCB 6k0.5,12.566,HIOKI BT3563,3.57418,HIOKI BT3563,TP_z07_03_1
87,INT031,TP_z08_01,INT,z,8,1,35,0.55,0.3,0.8,0.5,cLH,1,68.45,KERN FCB 6k0.5,12.646,HIOKI BT3563,3.5735,HIOKI BT3563,TP_z08_01_1
88,INT032,TP_z08_02,INT,z,8,2,35,0.55,0.3,0.8,0.5,cLH,1,68.2,KERN FCB 6k0.5,12.791,HIOKI BT3563,3.57287,HIOKI BT3563,TP_z08_02_1
89,INT033,TP_z08_03,INT,z,8,3,35,0.55,0.3,0.8,0.5,cLH,1,68.2,KERN FCB 6k0.5,12.717,HIOKI BT3563,3.57324,HIOKI BT3563,TP_z08_03_1
90,INT034,TP_z09_01,INT,z,9,1,35,0.5,0.25,0.4,0.7,cLH,1,68.2,KERN FCB 6k0.5,12.398,HIOKI BT3563,3.57496,HIOKI BT3563,TP_z09_01_1
91,INT035,TP_z09_02,INT,z,9,2,35,0.5,0.25,0.4,0.7,cLH,1,68.2,KERN FCB 6k0.5,12.923,HIOKI BT3563,3.57162,HIOKI BT3563,TP_z09_02_1
92,INT036,TP_z09_03,INT,z,9,3,35,0.5,0.25,0.4,0.7,cLH,1,68.2,KERN FCB 6k0.5,12.71,HIOKI BT3563,3.57493,HIOKI BT3563,TP_z09_03_1
93,INT037,TP_z10_01,INT,z,10,1,35,0.8,0.15,0.5,0.8,cLH,1,68.45,KERN FCB 6k0.5,12.683,HIOKI BT3563,3.57459,HIOKI BT3563,TP_z10_01_1
94,INT038,TP_z10_02,INT,z,10,2,35,0.8,0.15,0.5,0.8,cLH,1,68.45,KERN FCB 6k0.5,12.655,HIOKI BT3563,3.57368,HIOKI BT3563,TP_z10_02_1
95,INT039,TP_z10_03,INT,z,10,3,35,0.8,0.15,0.5,0.8,cLH,1,68.2,KERN FCB 6k0.5,12.625,HIOKI BT3563,3.57335,HIOKI BT3563,TP_z10_03_1
96,INT040,TP_z11_01,INT,z,11,1,35,0.35,0.15,0.9,0.9,cLH,1,68.2,KERN FCB 6k0.5,12.194,HIOKI BT3563,3.57393,HIOKI BT3563,TP_z11_01_1
97,INT041,TP_z11_02,INT,z,11,2,35,0.35,0.15,0.9,0.9,cLH,1,68.45,KERN FCB 6k0.5,12.896,HIOKI BT3563,3.57523,HIOKI BT3563,TP_z11_02_1
98,INT042,TP_z11_03,INT,z,11,3,35,0.35,0.15,0.9,0.9,cLH,1,68.2,KERN FCB 6k0.5,12.929,HIOKI BT3563,3.574,HIOKI BT3563,TP_z11_03_1
99,INT043,TP_z12_01,INT,z,12,1,35,0.35,0.05,0.2,1.0,cLH,1,68.2,KERN FCB 6k0.5,12.6,HIOKI BT3563,3.57408,HIOKI BT3563,TP_z12_01_1
100,INT044,TP_z12_02,INT,z,12,2,35,0.35,0.05,0.2,1.0,cLH,1,68.2,KERN FCB 6k0.5,12.641,HIOKI BT3563,3.57343,HIOKI BT3563,TP_z12_02_1
101,INT045,TP_z12_03,INT,z,12,3,35,0.35,0.05,0.2,1.0,cLH,1,68.45,KERN FCB 6k0.5,12.372,HIOKI BT3563,3.57201,HIOKI BT3563,TP_z12_03_1
102,INT046,TP_z13_01,INT,z,13,1,35,0.7,0.05,0.3,1.2,cLH,1,68.2,KERN FCB 6k0.5,12.489,HIOKI BT3563,3.5778,HIOKI BT3563,TP_z13_01_1
103,INT047,TP_z13_02,INT,z,13,2,35,0.7,0.05,0.3,1.2,cLH,1,68.2,KERN FCB 6k0.5,12.393,HIOKI BT3563,3.5771,HIOKI BT3563,TP_z13_02_1
104,INT048,TP_z13_03,INT,z,13,3,35,0.7,0.05,0.3,1.2,cLH,1,68.2,KERN FCB 6k0.5,12.941,HIOKI BT3563,3.5774,HIOKI BT3563,TP_z13_03_1
105,INT049,TP_z14_01,INT,z,14,1,35,0.55,0.25,0.4,1.4,cLH,1,68.2,KERN FCB 6k0.5,12.533,HIOKI BT3563,3.5772,HIOKI BT3563,TP_z14_01_1
106,INT050,TP_z14_02,INT,z,14,2,35,0.55,0.25,0.4,1.4,cLH,1,68.2,KERN FCB 6k0.5,11.907,HIOKI BT3563,3.576,HIOKI BT3563,TP_z14_02_1
107,INT051,TP_z14_03,INT,z,14,3,35,0.55,0.25,0.4,1.4,cLH,1,68.2,KERN FCB 6k0.5,12.874,HIOKI BT3563,3.5766,HIOKI BT3563,TP_z14_03_1
108,INT052,TP_z15_01,INT,z,15,1,35,0.7,0.5,0.7,1.7,cLH,1,68.2,KERN FCB 6k0.5,12.663,HIOKI BT3563,3.5767,HIOKI BT3563,TP_z15_01_1
109,INT053,TP_z15_02,INT,z,15,2,35,0.7,0.5,0.7,1.7,cLH,1,68.2,KERN FCB 6k0.5,13.321,HIOKI BT3563,3.576,HIOKI BT3563,TP_z15_02_1
110,INT054,TP_z15_03,INT,z,15,3,35,0.7,0.5,0.7,1.7,cLH,1,68.2,KERN FCB 6k0.5,12.544,HIOKI BT3563,3.5768,HIOKI BT3563,TP_z15_03_1
111,HM031,TP_z16_01,HM,z,16,1,45,0.75,0.4,0.7,0.2,cLH,1,68.28,KERN ABT 220-5DM,12.38,HIOKI 3554,3.575,HIOKI 3554,TP_z16_01_1
112,HM032,TP_z16_02,HM,z,16,2,45,0.75,0.4,0.7,0.2,cLH,1,68.3,KERN ABT 220-5DM,12.57,HIOKI 3554,3.575,HIOKI 3554,TP_z16_02_1
113,HM033,TP_z16_03,HM,z,16,3,45,0.75,0.4,0.7,0.2,cLH,1,68.28,KERN ABT 220-5DM,12.99,HIOKI 3554,3.574,HIOKI 3554,TP_z16_03_1
114,HM034,TP_z17_01,HM,z,17,1,45,0.8,0.35,0.8,0.4,cLH,1,68.78,KERN ABT 220-5DM,11.93,HIOKI 3554,3.575,HIOKI 3554,TP_z17_01_1
115,HM035,TP_z17_02,HM,z,17,2,45,0.8,0.35,0.8,0.4,cLH,1,68.7,KERN ABT 220-5DM,12.09,HIOKI 3554,3.574,HIOKI 3554,TP_z17_02_1
116,HM036,TP_z17_03,HM,z,17,3,45,0.8,0.35,0.8,0.4,cLH,1,68.77,KERN ABT 220-5DM,11.94,HIOKI 3554,3.575,HIOKI 3554,TP_z17_03_1
117,HM037,TP_z18_01,HM,z,18,1,45,0.8,0.6,0.8,0.6,cLH,1,68.28,KERN ABT 220-5DM,12.47,HIOKI 3554,3.577,HIOKI 3554,TP_z18_01_1
118,HM038,TP_z18_02,HM,z,18,2,45,0.8,0.6,0.8,0.6,cLH,1,68.66,KERN ABT 220-5DM,12.32,HIOKI 3554,3.577,HIOKI 3554,TP_z18_02_1
119,HM039,TP_z18_03,HM,z,18,3,45,0.8,0.6,0.8,0.6,cLH,1,68.66,KERN ABT 220-5DM,12.4,HIOKI 3554,3.576,HIOKI 3554,TP_z18_03_1
120,HM040,TP_z19_01,HM,z,19,1,45,0.3,0.1,0.8,0.9,cLH,1,68.69,KERN ABT 220-5DM,12.42,HIOKI 3554,3.575,HIOKI 3554,TP_z19_01_1
121,HM041,TP_z19_02,HM,z,19,2,45,0.3,0.1,0.8,0.9,cLH,1,68.71,KERN ABT 220-5DM,11.84,HIOKI 3554,3.577,HIOKI 3554,TP_z19_02_1
122,HM042,TP_z19_03,HM,z,19,3,45,0.3,0.1,0.8,0.9,cLH,1,68.69,KERN ABT 220-5DM,11.97,HIOKI 3554,3.574,HIOKI 3554,TP_z19_03_1
123,HM043,TP_z20_01,HM,z,20,1,45,0.7,0.2,0.2,0.9,cLH,1,68.67,KERN ABT 220-5DM,12.26,HIOKI 3554,3.578,HIOKI 3554,TP_z20_01_1
124,HM044,TP_z20_02,HM,z,20,2,45,0.7,0.2,0.2,0.9,cLH,1,68.35,KERN ABT 220-5DM,12.25,HIOKI 3554,3.574,HIOKI 3554,TP_z20_02_1
125,HM045,TP_z20_03,HM,z,20,3,45,0.7,0.2,0.2,0.9,cLH,1,68.7,KERN ABT 220-5DM,12.19,HIOKI 3554,3.575,HIOKI 3554,TP_z20_03_1
126,HM046,TP_z21_01,HM,z,21,1,45,0.6,0.15,0.4,1.3,cLH,1,68.63,KERN ABT 220-5DM,12.42,HIOKI 3554,3.577,HIOKI 3554,TP_z21_01_1
127,HM047,TP_z21_02,HM,z,21,2,45,0.6,0.15,0.4,1.3,cLH,1,68.78,KERN ABT 220-5DM,12.17,HIOKI 3554,3.575,HIOKI 3554,TP_z21_02_1
128,HM048,TP_z21_03,HM,z,21,3,45,0.6,0.15,0.4,1.3,cLH,1,68.74,KERN ABT 220-5DM,12.04,HIOKI 3554,3.575,HIOKI 3554,TP_z21_03_1
129,HM049,TP_z22_01,HM,z,22,1,45,0.65,0.45,0.5,1.4,cLH,1,68.24,KERN ABT 220-5DM,12.5,HIOKI 3554,3.575,HIOKI 3554,TP_z22_01_1
130,HM050,TP_z22_02,HM,z,22,2,45,0.65,0.45,0.5,1.4,cLH,1,68.22,KERN ABT 220-5DM,12.39,HIOKI 3554,3.574,HIOKI 3554,TP_z22_02_1
131,HM051,TP_z22_03,HM,z,22,3,45,0.65,0.45,0.5,1.4,cLH,1,68.31,KERN ABT 220-5DM,13.04,HIOKI 3554,3.576,HIOKI 3554,TP_z22_03_1
132,HM052,TP_z23_01,HM,z,23,1,45,0.8,0.05,0.9,1.6,cLH,1,68.26,KERN ABT 220-5DM,12.71,HIOKI 3554,3.579,HIOKI 3554,TP_z23_01_1
133,HM053,TP_z23_02,HM,z,23,2,45,0.8,0.05,0.9,1.6,cLH,1,68.57,KERN ABT 220-5DM,12.25,HIOKI 3554,3.574,HIOKI 3554,TP_z23_02_1
134,HM054,TP_z23_03,HM,z,23,3,45,0.8,0.05,0.9,1.6,cLH,1,68.58,KERN ABT 220-5DM,12.09,HIOKI 3554,3.576,HIOKI 3554,TP_z23_03_1
135,HM055,TP_z24_01,HM,z,24,1,45,0.45,0.05,1.0,1.8,cLH,1,68.25,KERN ABT 220-5DM,12.49,HIOKI 3554,3.576,HIOKI 3554,TP_z24_01_1
136,HM056,TP_z24_02,HM,z,24,2,45,0.45,0.05,1.0,1.8,cLH,1,68.08,KERN ABT 220-5DM,12.42,HIOKI 3554,3.576,HIOKI 3554,TP_z24_02_1
137,HM057,TP_z24_03,HM,z,24,3,45,0.45,0.05,1.0,1.8,cLH,1,68.7,KERN ABT 220-5DM,12.13,HIOKI 3554,3.579,HIOKI 3554,TP_z24_03_1
138,HM058,TP_z25_01,HM,z,25,1,45,0.6,0.15,0.9,1.9,cLH,1,68.73,KERN ABT 220-5DM,12.05,HIOKI 3554,3.574,HIOKI 3554,TP_z25_01_1
139,HM059,TP_z25_02,HM,z,25,2,45,0.6,0.15,0.9,1.9,cLH,1,68.77,KERN ABT 220-5DM,12.0,HIOKI 3554,3.574,HIOKI 3554,TP_z25_02_1
140,HM060,TP_z25_03,HM,z,25,3,45,0.6,0.15,0.9,1.9,cLH,1,68.67,KERN ABT 220-5DM,11.98,HIOKI 3554,3.574,HIOKI 3554,TP_z25_03_1
141,057,TP_k01_01,SIE,k,1,1,10,0.2,0.0,0.0,0.0,FF,2,68.92,KERN ABT 220-5DM,13.344,HIOKI 3554,3.575,HIOKI 3554,TP_k01_01_2
142,167,TP_k01_02,SIE,k,1,2,10,0.2,0.0,0.0,0.0,FF,2,68.94,KERN ABT 220-5DM,14.308,HIOKI 3554,3.574,HIOKI 3554,TP_k01_02_2
143,012,TP_k01_03,SIE,k,1,3,10,0.2,0.0,0.0,0.0,FF,2,68.9,KERN ABT 220-5DM,13.248,HIOKI 3554,3.574,HIOKI 3554,TP_k01_03_2
144,070,TP_k01_04,SIE,k,1,4,10,0.2,0.0,0.0,0.0,FF,2,68.88,KERN ABT 220-5DM,12.776,HIOKI 3554,3.575,HIOKI 3554,TP_k01_04_2
145,168,TP_k01_05,SIE,k,1,5,10,0.2,0.0,0.0,0.0,FF,2,69.01,KERN ABT 220-5DM,13.47,HIOKI 3554,3.575,HIOKI 3554,TP_k01_05_2
146,123,TP_k01_06,SIE,k,1,6,10,0.2,0.0,0.0,0.0,FF,2,68.66,KERN ABT 220-5DM,13.358,HIOKI 3554,3.577,HIOKI 3554,TP_k01_06_2
147,131,TP_k02_01,SIE,k,2,1,10,0.8,0.0,0.0,0.0,FF,2,68.84,KERN ABT 220-5DM,14.27,HIOKI 3554,3.574,HIOKI 3554,TP_k02_01_2
148,019,TP_k02_02,SIE,k,2,2,10,0.8,0.0,0.0,0.0,FF,2,68.85,KERN ABT 220-5DM,13.28,HIOKI 3554,3.574,HIOKI 3554,TP_k02_02_2
149,197,TP_k02_03,SIE,k,2,3,10,0.8,0.0,0.0,0.0,FF,2,68.99,KERN ABT 220-5DM,13.604,HIOKI 3554,3.575,HIOKI 3554,TP_k02_03_2
150,145,TP_k02_04,SIE,k,2,4,10,0.8,0.0,0.0,0.0,FF,2,68.98,KERN ABT 220-5DM,13.324,HIOKI 3554,3.575,HIOKI 3554,TP_k02_04_2
151,186,TP_k02_05,SIE,k,2,5,10,0.8,0.0,0.0,0.0,FF,2,68.99,KERN ABT 220-5DM,13.86,HIOKI 3554,3.575,HIOKI 3554,TP_k02_05_2
152,095,TP_k02_06,SIE,k,2,6,10,0.8,0.0,0.0,0.0,FF,2,68.89,KERN ABT 220-5DM,13.5,HIOKI 3554,3.575,HIOKI 3554,TP_k02_06_2
153,055,TP_k03_01,SIE,k,3,1,23,0.2,0.0,0.0,0.0,FF,2,68.86,KERN ABT 220-5DM,13.372,HIOKI 3554,3.575,HIOKI 3554,TP_k03_01_2
154,039,TP_k03_02,SIE,k,3,2,23,0.2,0.0,0.0,0.0,FF,2,68.84,KERN ABT 220-5DM,13.47,HIOKI 3554,3.575,HIOKI 3554,TP_k03_02_2
155,130,TP_k03_03,SIE,k,3,3,23,0.2,0.0,0.0,0.0,FF,2,68.91,KERN ABT 220-5DM,12.924,HIOKI 3554,3.575,HIOKI 3554,TP_k03_03_2
156,189,TP_k03_04,SIE,k,3,4,23,0.2,0.0,0.0,0.0,FF,2,68.95,KERN ABT 220-5DM,13.382,HIOKI 3554,3.575,HIOKI 3554,TP_k03_04_2
157,013,TP_k03_05,SIE,k,3,5,23,0.2,0.0,0.0,0.0,FF,2,68.87,KERN ABT 220-5DM,12.778,HIOKI 3554,3.575,HIOKI 3554,TP_k03_05_2
158,118,TP_k03_06,SIE,k,3,6,23,0.2,0.0,0.0,0.0,FF,2,69.0,KERN ABT 220-5DM,13.108,HIOKI 3554,3.575,HIOKI 3554,TP_k03_06_2
159,INT085,TP_k04_01,INT,k,4,1,23,0.8,0.0,0.0,0.0,pi,2,68.88,KERN ABT 220-5DM,13.002,HIOKI 3554,3.575,HIOKI 3554,TP_k04_01_2
160,INT004,TP_k04_02,INT,k,4,2,23,0.8,0.0,0.0,0.0,pi,2,68.94,KERN ABT 220-5DM,12.95,HIOKI 3554,3.575,HIOKI 3554,TP_k04_02_2
161,INT103,TP_k04_03,INT,k,4,3,23,0.8,0.0,0.0,0.0,pi,2,68.88,KERN ABT 220-5DM,13.15,HIOKI 3554,3.576,HIOKI 3554,TP_k04_03_2
162,INT090,TP_k04_04,INT,k,4,4,23,0.8,0.0,0.0,0.0,pi,2,68.91,KERN ABT 220-5DM,12.614,HIOKI 3554,3.575,HIOKI 3554,TP_k04_04_2
163,INT165,TP_k04_05,INT,k,4,5,23,0.8,0.0,0.0,0.0,pi,2,69.07,KERN ABT 220-5DM,13.258,HIOKI 3554,3.574,HIOKI 3554,TP_k04_05_2
164,INT190,TP_k04_06,INT,k,4,6,23,0.8,0.0,0.0,0.0,pi,2,68.77,KERN ABT 220-5DM,14.25,HIOKI 3554,3.575,HIOKI 3554,TP_k04_06_2
165,INT195,TP_k05_01,INT,k,5,1,23,0.8,0.0,0.0,0.0,pi,2,68.94,KERN ABT 220-5DM,14.084,HIOKI 3554,3.574,HIOKI 3554,TP_k05_01_2
166,INT114,TP_k05_02,INT,k,5,2,23,0.8,0.0,0.0,0.0,pi,2,68.79,KERN ABT 220-5DM,13.592,HIOKI 3554,3.576,HIOKI 3554,TP_k05_02_2
167,INT051,TP_k05_03,INT,k,5,3,23,0.8,0.0,0.0,0.0,pi,2,68.85,KERN ABT 220-5DM,12.778,HIOKI 3554,3.575,HIOKI 3554,TP_k05_03_2
168,INT066,TP_k05_04,INT,k,5,4,23,0.8,0.0,0.0,0.0,pi,2,68.85,KERN ABT 220-5DM,12.376,HIOKI 3554,3.575,HIOKI 3554,TP_k05_04_2
169,INT023,TP_k05_05,INT,k,5,5,23,0.8,0.0,0.0,0.0,pi,2,68.94,KERN ABT 220-5DM,13.674,HIOKI 3554,3.575,HIOKI 3554,TP_k05_05_2
170,INT119,TP_k05_06,INT,k,5,6,23,0.8,0.0,0.0,0.0,pi,2,68.73,KERN ABT 220-5DM,12.972,HIOKI 3554,3.576,HIOKI 3554,TP_k05_06_2
171,INT009,TP_k06_01,INT,k,6,1,23,0.8,0.0,0.0,0.0,pi,2,68.89,KERN ABT 220-5DM,13.252,HIOKI 3554,3.575,HIOKI 3554,TP_k06_01_2
172,INT140,TP_k06_02,INT,k,6,2,23,0.8,0.0,0.0,0.0,pi,2,68.81,KERN ABT 220-5DM,13.906,HIOKI 3554,3.574,HIOKI 3554,TP_k06_02_2
173,INT091,TP_k06_03,INT,k,6,3,23,0.8,0.0,0.0,0.0,pi,2,68.66,KERN ABT 220-5DM,13.536,HIOKI 3554,3.576,HIOKI 3554,TP_k06_03_2
174,INT043,TP_k06_04,INT,k,6,4,23,0.8,0.0,0.0,0.0,pi,2,68.88,KERN ABT 220-5DM,12.832,HIOKI 3554,3.575,HIOKI 3554,TP_k06_04_2
175,INT176,TP_k06_05,INT,k,6,5,23,0.8,0.0,0.0,0.0,pi,2,68.89,KERN ABT 220-5DM,13.222,HIOKI 3554,3.575,HIOKI 3554,TP_k06_05_2
176,INT098,TP_k06_06,INT,k,6,6,23,0.8,0.0,0.0,0.0,pi,2,68.91,KERN ABT 220-5DM,13.358,HIOKI 3554,3.575,HIOKI 3554,TP_k06_06_2
177,INT003,TP_k07_01,INT,k,7,1,23,0.8,0.0,0.0,0.0,pi,2,69.0,KERN ABT 220-5DM,12.936,HIOKI 3554,3.575,HIOKI 3554,TP_k07_01_2
178,INT045,TP_k07_02,INT,k,7,2,23,0.8,0.0,0.0,0.0,pi,2,68.87,KERN ABT 220-5DM,13.034,HIOKI 3554,3.575,HIOKI 3554,TP_k07_02_2
179,INT080,TP_k07_03,INT,k,7,3,23,0.8,0.0,0.0,0.0,pi,2,68.91,KERN ABT 220-5DM,13.214,HIOKI 3554,3.575,HIOKI 3554,TP_k07_03_2
180,INT134,TP_k07_04,INT,k,7,4,23,0.8,0.0,0.0,0.0,pi,2,68.94,KERN ABT 220-5DM,13.784,HIOKI 3554,3.574,HIOKI 3554,TP_k07_04_2
181,INT052,TP_k07_05,INT,k,7,5,23,0.8,0.0,0.0,0.0,pi,2,68.85,KERN ABT 220-5DM,12.486,HIOKI 3554,3.575,HIOKI 3554,TP_k07_05_2
182,INT151,TP_k07_06,INT,k,7,6,23,0.8,0.0,0.0,0.0,pi,2,68.89,KERN ABT 220-5DM,14.3,HIOKI 3554,3.574,HIOKI 3554,TP_k07_06_2
183,TP_k08_01,TP_k08_01,HM,k,8,1,23,0.65,0.0,0.0,0.0,manual,2,68.68,KERN ABT 220-5DM,13.594,HIOKI 3554,3.576,HIOKI 3554,TP_k08_01_2
184,TP_k08_02,TP_k08_02,HM,k,8,2,23,0.65,0.0,0.0,0.0,manual,2,69.01,KERN ABT 220-5DM,13.662,HIOKI 3554,3.574,HIOKI 3554,TP_k08_02_2
185,TP_k08_03,TP_k08_03,HM,k,8,3,23,0.65,0.0,0.0,0.0,manual,2,68.86,KERN ABT 220-5DM,13.4,HIOKI 3554,3.575,HIOKI 3554,TP_k08_03_2
186,TP_k08_04,TP_k08_04,HM,k,8,4,23,0.65,0.0,0.0,0.0,manual,2,68.98,KERN ABT 220-5DM,13.526,HIOKI 3554,3.575,HIOKI 3554,TP_k08_04_2
187,TP_k08_05,TP_k08_05,HM,k,8,5,23,0.65,0.0,0.0,0.0,manual,2,68.88,KERN ABT 220-5DM,13.514,HIOKI 3554,3.575,HIOKI 3554,TP_k08_05_2
188,TP_k08_06,TP_k08_06,HM,k,8,6,23,0.65,0.0,0.0,0.0,manual,2,68.88,KERN ABT 220-5DM,13.096,HIOKI 3554,3.576,HIOKI 3554,TP_k08_06_2
189,TP_k09_01,TP_k09_01,HM,k,9,1,23,0.9,0.0,0.0,0.0,manual,2,68.96,KERN ABT 220-5DM,13.462,HIOKI 3554,3.574,HIOKI 3554,TP_k09_01_2
190,TP_k09_02,TP_k09_02,HM,k,9,2,23,0.9,0.0,0.0,0.0,manual,2,68.85,KERN ABT 220-5DM,13.784,HIOKI 3554,3.574,HIOKI 3554,TP_k09_02_2
191,TP_k09_03,TP_k09_03,HM,k,9,3,23,0.9,0.0,0.0,0.0,manual,2,68.87,KERN ABT 220-5DM,13.422,HIOKI 3554,3.574,HIOKI 3554,TP_k09_03_2
192,TP_k09_04,TP_k09_04,HM,k,9,4,23,0.9,0.0,0.0,0.0,manual,2,68.88,KERN ABT 220-5DM,13.328,HIOKI 3554,3.575,HIOKI 3554,TP_k09_04_2
193,TP_k09_05,TP_k09_05,HM,k,9,5,23,0.9,0.0,0.0,0.0,manual,2,69.01,KERN ABT 220-5DM,12.862,HIOKI 3554,3.575,HIOKI 3554,TP_k09_05_2
194,TP_k09_06,TP_k09_06,HM,k,9,6,23,0.9,0.0,0.0,0.0,manual,2,68.87,KERN ABT 220-5DM,13.44,HIOKI 3554,3.575,HIOKI 3554,TP_k09_06_2
195,TP_k10_01,TP_k10_01,HM,k,10,1,45,0.65,0.0,0.0,0.0,manual,2,68.83,KERN ABT 220-5DM,13.83,HIOKI 3554,3.574,HIOKI 3554,TP_k10_01_2
196,TP_k10_02,TP_k10_02,HM,k,10,2,45,0.65,0.0,0.0,0.0,manual,2,68.93,KERN ABT 220-5DM,13.61,HIOKI 3554,3.574,HIOKI 3554,TP_k10_02_2
197,TP_k10_03,TP_k10_03,HM,k,10,3,45,0.65,0.0,0.0,0.0,manual,2,68.96,KERN ABT 220-5DM,13.534,HIOKI 3554,3.575,HIOKI 3554,TP_k10_03_2
198,TP_k10_04,TP_k10_04,HM,k,10,4,45,0.65,0.0,0.0,0.0,manual,2,68.86,KERN ABT 220-5DM,13.558,HIOKI 3554,3.575,HIOKI 3554,TP_k10_04_2
199,TP_k10_05,TP_k10_05,HM,k,10,5,45,0.65,0.0,0.0,0.0,manual,2,68.85,KERN ABT 220-5DM,13.114,HIOKI 3554,3.575,HIOKI 3554,TP_k10_05_2
200,TP_k10_06,TP_k10_06,HM,k,10,6,45,0.65,0.0,0.0,0.0,manual,2,68.89,KERN ABT 220-5DM,12.768,HIOKI 3554,3.575,HIOKI 3554,TP_k10_06_2
201,TP_k11_01,TP_k11_01,HM,k,11,1,45,0.9,0.0,0.0,0.0,manual,2,68.91,KERN ABT 220-5DM,12.676,HIOKI 3554,3.575,HIOKI 3554,TP_k11_01_2
202,TP_k11_02,TP_k11_02,HM,k,11,2,45,0.9,0.0,0.0,0.0,manual,2,68.88,KERN ABT 220-5DM,12.648,HIOKI 3554,3.575,HIOKI 3554,TP_k11_02_2
203,TP_k11_03,TP_k11_03,HM,k,11,3,45,0.9,0.0,0.0,0.0,manual,2,68.85,KERN ABT 220-5DM,14.016,HIOKI 3554,3.574,HIOKI 3554,TP_k11_03_2
204,TP_k11_04,TP_k11_04,HM,k,11,4,45,0.9,0.0,0.0,0.0,manual,2,68.93,KERN ABT 220-5DM,12.644,HIOKI 3554,3.575,HIOKI 3554,TP_k11_04_2
205,TP_k11_05,TP_k11_05,HM,k,11,5,45,0.9,0.0,0.0,0.0,manual,2,68.84,KERN ABT 220-5DM,13.384,HIOKI 3554,3.574,HIOKI 3554,TP_k11_05_2
206,TP_k11_06,TP_k11_06,HM,k,11,6,45,0.9,0.0,0.0,0.0,manual,2,68.95,KERN ABT 220-5DM,13.498,HIOKI 3554,3.575,HIOKI 3554,TP_k11_06_2
207,021,TP_z01_01,SIE,z,1,1,45,0.47,0.15,0.7,1.9,cLH,2,68.89,KERN ABT 220-5DM,13.026,HIOKI 3554,3.575,HIOKI 3554,TP_z01_01_2
208,047,TP_z01_02,SIE,z,1,2,45,0.47,0.15,0.7,1.9,cLH,2,68.82,KERN ABT 220-5DM,13.346,HIOKI 3554,3.575,HIOKI 3554,TP_z01_02_2
209,182,TP_z01_03,SIE,z,1,3,45,0.47,0.15,0.7,1.9,cLH,2,68.84,KERN ABT 220-5DM,13.744,HIOKI 3554,3.575,HIOKI 3554,TP_z01_03_2
210,117,TP_z02_01,SIE,z,2,1,45,0.8,0.6,1.0,2.0,pi,2,68.66,KERN ABT 220-5DM,14.134,HIOKI 3554,3.576,HIOKI 3554,TP_z02_01_2
211,025,TP_z02_02,SIE,z,2,2,45,0.8,0.6,1.0,2.0,pi,2,68.79,KERN ABT 220-5DM,12.872,HIOKI 3554,3.575,HIOKI 3554,TP_z02_02_2
212,139,TP_z02_03,SIE,z,2,3,45,0.8,0.6,1.0,2.0,pi,2,68.88,KERN ABT 220-5DM,13.272,HIOKI 3554,3.575,HIOKI 3554,TP_z02_03_2
213,183,TP_z03_01,SIE,z,3,1,45,0.8,0.6,0.24,2.0,pi,2,68.88,KERN ABT 220-5DM,13.222,HIOKI 3554,3.574,HIOKI 3554,TP_z03_01_2
214,075,TP_z03_02,SIE,z,3,2,45,0.8,0.6,0.24,2.0,pi,2,68.81,KERN ABT 220-5DM,13.346,HIOKI 3554,3.575,HIOKI 3554,TP_z03_02_2
215,010,TP_z03_03,SIE,z,3,3,45,0.8,0.6,0.24,2.0,pi,2,68.86,KERN ABT 220-5DM,13.342,HIOKI 3554,3.574,HIOKI 3554,TP_z03_03_2
216,INT059,TP_z04_01,INT,z,4,1,23,0.69,0.2,1.0,0.5,cLH,2,68.91,KERN ABT 220-5DM,13.062,HIOKI 3554,3.574,HIOKI 3554,TP_z04_01_2
217,INT037,TP_z04_02,INT,z,4,2,23,0.69,0.2,1.0,0.5,cLH,2,68.91,KERN ABT 220-5DM,13.3,HIOKI 3554,3.575,HIOKI 3554,TP_z04_02_2
218,INT027,TP_z04_03,INT,z,4,3,23,0.69,0.2,1.0,0.5,cLH,2,68.91,KERN ABT 220-5DM,13.214,HIOKI 3554,3.574,HIOKI 3554,TP_z04_03_2
219,INT073,TP_z05_01,INT,z,5,1,23,0.25,0.05,0.4,0.3,cLH,2,68.86,KERN ABT 220-5DM,13.038,HIOKI 3554,3.576,HIOKI 3554,TP_z05_01_2
220,INT161,TP_z05_02,INT,z,5,2,23,0.25,0.05,0.4,0.3,cLH,2,68.94,KERN ABT 220-5DM,14.314,HIOKI 3554,3.574,HIOKI 3554,TP_z05_02_2
221,INT200,TP_z05_03,INT,z,5,3,23,0.25,0.05,0.4,0.3,cLH,2,68.75,KERN ABT 220-5DM,13.95,HIOKI 3554,3.575,HIOKI 3554,TP_z05_03_2
222,INT018,TP_z06_01,INT,z,6,1,23,0.36,0.05,0.8,1.7,cLH,2,68.9,KERN ABT 220-5DM,13.156,HIOKI 3554,3.574,HIOKI 3554,TP_z06_01_2
223,INT007,TP_z06_02,INT,z,6,2,23,0.36,0.05,0.8,1.7,cLH,2,68.87,KERN ABT 220-5DM,13.194,HIOKI 3554,3.574,HIOKI 3554,TP_z06_02_2
224,INT153,TP_z06_03,INT,z,6,3,23,0.36,0.05,0.8,1.7,cLH,2,68.83,KERN ABT 220-5DM,13.472,HIOKI 3554,3.574,HIOKI 3554,TP_z06_03_2
225,INT065,TP_z07_01,INT,z,7,1,23,0.8,0.25,0.2,1.4,cLH,2,68.85,KERN ABT 220-5DM,13.114,HIOKI 3554,3.575,HIOKI 3554,TP_z07_01_2
226,INT163,TP_z07_02,INT,z,7,2,23,0.8,0.25,0.2,1.4,cLH,2,68.99,KERN ABT 220-5DM,13.608,HIOKI 3554,3.575,HIOKI 3554,TP_z07_02_2
227,INT078,TP_z07_03,INT,z,7,3,23,0.8,0.25,0.2,1.4,cLH,2,68.87,KERN ABT 220-5DM,13.012,HIOKI 3554,3.575,HIOKI 3554,TP_z07_03_2
228,INT191,TP_z08_01,INT,z,8,1,35,0.74,0.15,0.5,1.3,cLH,2,68.99,KERN ABT 220-5DM,13.54,HIOKI 3554,3.574,HIOKI 3554,TP_z08_01_2
229,INT061,TP_z08_02,INT,z,8,2,35,0.74,0.15,0.5,1.3,cLH,2,68.83,KERN ABT 220-5DM,12.956,HIOKI 3554,3.574,HIOKI 3554,TP_z08_02_2
230,INT060,TP_z08_03,INT,z,8,3,35,0.74,0.15,0.5,1.3,cLH,2,68.9,KERN ABT 220-5DM,13.246,HIOKI 3554,3.574,HIOKI 3554,TP_z08_03_2
231,INT031,TP_z09_01,INT,z,9,1,35,0.63,0.4,0.5,0.2,cLH,2,68.85,KERN ABT 220-5DM,12.952,HIOKI 3554,3.575,HIOKI 3554,TP_z09_01_2
232,INT088,TP_z09_02,INT,z,9,2,35,0.63,0.4,0.5,0.2,cLH,2,68.92,KERN ABT 220-5DM,13.39,HIOKI 3554,3.575,HIOKI 3554,TP_z09_02_2
233,INT020,TP_z09_03,INT,z,9,3,35,0.63,0.4,0.5,0.2,cLH,2,68.94,KERN ABT 220-5DM,12.944,HIOKI 3554,3.575,HIOKI 3554,TP_z09_03_2
234,INT149,TP_z10_01,INT,z,10,1,35,0.8,0.5,0.9,1.1,cLH,2,68.93,KERN ABT 220-5DM,13.6,HIOKI 3554,3.575,HIOKI 3554,TP_z10_01_2
235,INT005,TP_z10_02,INT,z,10,2,35,0.8,0.5,0.9,1.1,cLH,2,68.96,KERN ABT 220-5DM,12.966,HIOKI 3554,3.574,HIOKI 3554,TP_z10_02_2
236,INT054,TP_z10_03,INT,z,10,3,35,0.8,0.5,0.9,1.1,cLH,2,68.81,KERN ABT 220-5DM,13.26,HIOKI 3554,3.575,HIOKI 3554,TP_z10_03_2
237,INT107,TP_z11_01,INT,z,11,1,35,0.8,0.1,0.7,0.8,cLH,2,68.87,KERN ABT 220-5DM,12.936,HIOKI 3554,3.575,HIOKI 3554,TP_z11_01_2
238,INT044,TP_z11_02,INT,z,11,2,35,0.8,0.1,0.7,0.8,cLH,2,68.92,KERN ABT 220-5DM,12.922,HIOKI 3554,3.575,HIOKI 3554,TP_z11_02_2
239,INT011,TP_z11_03,INT,z,11,3,35,0.8,0.1,0.7,0.8,cLH,2,68.87,KERN ABT 220-5DM,12.766,HIOKI 3554,3.574,HIOKI 3554,TP_z11_03_2
240,TP_z12_01,TP_z12_01,HM,z,12,1,23,0.8,0.25,0.2,1.4,cLH,2,68.94,KERN ABT 220-5DM,13.804,HIOKI 3554,3.574,HIOKI 3554,TP_z12_01_2
241,TP_z12_02,TP_z12_02,HM,z,12,2,23,0.8,0.25,0.2,1.4,cLH,2,68.93,KERN ABT 220-5DM,13.054,HIOKI 3554,3.575,HIOKI 3554,TP_z12_02_2
242,TP_z12_03,TP_z12_03,HM,z,12,3,23,0.8,0.25,0.2,1.4,cLH,2,68.9,KERN ABT 220-5DM,12.958,HIOKI 3554,3.576,HIOKI 3554,TP_z12_03_2
243,TP_z13_01,TP_z13_01,HM,z,13,1,45,0.52,0.05,0.3,0.7,cLH,2,68.75,KERN ABT 220-5DM,14.048,HIOKI 3554,3.575,HIOKI 3554,TP_z13_01_2
244,TP_z13_02,TP_z13_02,HM,z,13,2,45,0.52,0.05,0.3,0.7,cLH,2,68.87,KERN ABT 220-5DM,13.27,HIOKI 3554,3.575,HIOKI 3554,TP_z13_02_2
245,TP_z13_03,TP_z13_03,HM,z,13,3,45,0.52,0.05,0.3,0.7,cLH,2,68.69,KERN ABT 220-5DM,13.188,HIOKI 3554,3.576,HIOKI 3554,TP_z13_03_2
246,TP_z14_01,TP_z14_01,HM,z,14,1,45,0.41,0.05,1.0,1.0,cLH,2,68.83,KERN ABT 220-5DM,13.356,HIOKI 3554,3.575,HIOKI 3554,TP_z14_01_2
247,TP_z14_02,TP_z14_02,HM,z,14,2,45,0.41,0.05,1.0,1.0,cLH,2,68.66,KERN ABT 220-5DM,13.186,HIOKI 3554,3.577,HIOKI 3554,TP_z14_02_2
248,TP_z14_03,TP_z14_03,HM,z,14,3,45,0.41,0.05,1.0,1.0,cLH,2,68.86,KERN ABT 220-5DM,14.098,HIOKI 3554,3.574,HIOKI 3554,TP_z14_03_2
249,TP_z15_01,TP_z15_01,HM,z,15,1,45,0.8,0.6,1.0,0.26,pi,2,68.91,KERN ABT 220-5DM,12.864,HIOKI 3554,3.575,HIOKI 3554,TP_z15_01_2
250,TP_z15_02,TP_z15_02,HM,z,15,2,45,0.8,0.6,1.0,0.26,pi,2,68.95,KERN ABT 220-5DM,13.214,HIOKI 3554,3.575,HIOKI 3554,TP_z15_02_2
251,TP_z15_03,TP_z15_03,HM,z,15,3,45,0.8,0.6,1.0,0.26,pi,2,68.88,KERN ABT 220-5DM,13.166,HIOKI 3554,3.574,HIOKI 3554,TP_z15_03_2
252,TP_z16_01,TP_z16_01,HM,z,16,1,45,0.8,0.6,0.24,2.0,pi,2,68.85,KERN ABT 220-5DM,13.374,HIOKI 3554,3.575,HIOKI 3554,TP_z16_01_2
253,TP_z16_02,TP_z16_02,HM,z,16,2,45,0.8,0.6,0.24,2.0,pi,2,68.71,KERN ABT 220-5DM,13.346,HIOKI 3554,3.577,HIOKI 3554,TP_z16_02_2
254,TP_z16_03,TP_z16_03,HM,z,16,3,45,0.8,0.6,0.24,2.0,pi,2,68.91,KERN ABT 220-5DM,14.294,HIOKI 3554,3.574,HIOKI 3554,TP_z16_03_2
255,TP_z17_01,TP_z17_01,HM,z,17,1,45,0.8,0.6,1.0,0.26,pi,2,68.93,KERN ABT 220-5DM,13.002,HIOKI 3554,3.575,HIOKI 3554,TP_z17_01_2
256,TP_z17_02,TP_z17_02,HM,z,17,2,45,0.8,0.6,1.0,0.26,pi,2,68.82,KERN ABT 220-5DM,12.982,HIOKI 3554,3.575,HIOKI 3554,TP_z17_02_2
257,TP_z17_03,TP_z17_03,HM,z,17,3,45,0.8,0.6,1.0,0.26,pi,2,68.85,KERN ABT 220-5DM,13.056,HIOKI 3554,3.575,HIOKI 3554,TP_z17_03_2
258,TP_z18_01,TP_z18_01,HM,z,18,1,45,0.8,0.6,0.2,0.44,pi,2,68.91,KERN ABT 220-5DM,13.572,HIOKI 3554,3.575,HIOKI 3554,TP_z18_01_2
259,TP_z18_02,TP_z18_02,HM,z,18,2,45,0.8,0.6,0.2,0.44,pi,2,68.84,KERN ABT 220-5DM,14.004,HIOKI 3554,3.574,HIOKI 3554,TP_z18_02_2
260,TP_z18_03,TP_z18_03,HM,z,18,3,45,0.8,0.6,0.2,0.44,pi,2,68.78,KERN ABT 220-5DM,13.964,HIOKI 3554,3.575,HIOKI 3554,TP_z18_03_2
261,TP_z19_01,TP_z19_01,HM,z,19,1,45,0.8,0.6,0.24,2.0,pi,2,68.98,KERN ABT 220-5DM,12.946,HIOKI 3554,3.574,HIOKI 3554,TP_z19_01_2
262,TP_z19_02,TP_z19_02,HM,z,19,2,45,0.8,0.6,0.24,2.0,pi,2,69.0,KERN ABT 220-5DM,13.414,HIOKI 3554,3.574,HIOKI 3554,TP_z19_02_2
263,TP_z19_03,TP_z19_03,HM,z,19,3,45,0.8,0.6,0.24,2.0,pi,2,69.01,KERN ABT 220-5DM,12.934,HIOKI 3554,3.575,HIOKI 3554,TP_z19_03_2
264,TP_z20_01,TP_z20_01,HM,z,20,1,45,0.8,0.6,1.0,2.0,pi,2,68.88,KERN ABT 220-5DM,12.812,HIOKI 3554,3.575,HIOKI 3554,TP_z20_01_2
265,TP_z20_02,TP_z20_02,HM,z,20,2,45,0.8,0.6,1.0,2.0,pi,2,68.77,KERN ABT 220-5DM,13.978,HIOKI 3554,3.574,HIOKI 3554,TP_z20_02_2
266,TP_z20_03,TP_z20_03,HM,z,20,3,45,0.8,0.6,1.0,2.0,pi,2,68.91,KERN ABT 220-5DM,13.382,HIOKI 3554,3.574,HIOKI 3554,TP_z20_03_2
267,TP_z21_01,TP_z21_01,HM,z,21,1,45,0.8,0.6,0.2,0.44,pi,2,68.92,KERN ABT 220-5DM,12.644,HIOKI 3554,3.574,HIOKI 3554,TP_z21_01_2
268,TP_z21_02,TP_z21_02,HM,z,21,2,45,0.8,0.6,0.2,0.44,pi,2,68.96,KERN ABT 220-5DM,13.666,HIOKI 3554,3.574,HIOKI 3554,TP_z21_02_2
269,TP_z21_03,TP_z21_03,HM,z,21,3,45,0.8,0.6,0.2,0.44,pi,2,68.86,KERN ABT 220-5DM,12.672,HIOKI 3554,3.575,HIOKI 3554,TP_z21_03_2
270,TP_z22_01,TP_z22_01,HM,z,22,1,45,0.8,0.6,0.2,0.44,pi,2,68.92,KERN ABT 220-5DM,12.906,HIOKI 3554,3.575,HIOKI 3554,TP_z22_01_2
271,TP_z22_02,TP_z22_02,HM,z,22,2,45,0.8,0.6,0.2,0.44,pi,2,68.89,KERN ABT 220-5DM,13.344,HIOKI 3554,3.575,HIOKI 3554,TP_z22_02_2
272,TP_z22_03,TP_z22_03,HM,z,22,3,45,0.8,0.6,0.2,0.44,pi,2,69.03,KERN ABT 220-5DM,13.344,HIOKI 3554,3.574,HIOKI 3554,TP_z22_03_2
273,TP_z23_01,TP_z23_01,HM,z,23,1,45,0.8,0.6,1.0,2.0,pi,2,68.82,KERN ABT 220-5DM,13.356,HIOKI 3554,3.575,HIOKI 3554,TP_z23_01_2
274,TP_z23_02,TP_z23_02,HM,z,23,2,45,0.8,0.6,1.0,2.0,pi,2,68.99,KERN ABT 220-5DM,13.708,HIOKI 3554,3.575,HIOKI 3554,TP_z23_02_2
275,TP_z23_03,TP_z23_03,HM,z,23,3,45,0.8,0.6,1.0,2.0,pi,2,68.87,KERN ABT 220-5DM,12.448,HIOKI 3554,3.574,HIOKI 3554,TP_z23_03_2
276,TP_z24_01,TP_z24_01,HM,z,24,1,45,0.8,0.6,0.2,0.44,pi,2,68.71,KERN ABT 220-5DM,12.962,HIOKI 3554,3.576,HIOKI 3554,TP_z24_01_2
277,TP_z24_02,TP_z24_02,HM,z,24,2,45,0.8,0.6,0.2,0.44,pi,2,68.79,KERN ABT 220-5DM,14.42,HIOKI 3554,3.574,HIOKI 3554,TP_z24_02_2
278,TP_z24_03,TP_z24_03,HM,z,24,3,45,0.8,0.6,0.2,0.44,pi,2,68.69,KERN ABT 220-5DM,13.588,HIOKI 3554,3.576,HIOKI 3554,TP_z24_03_2
